id,age,gender,risk_score,treatment
2,48,Male,0.7224521152615053,1
4,62,Female,0.02431596643145384,1
5,27,Female,0.6454722959071678,1
7,58,Male,0.9404585843529143,1
9,42,Male,0.9148643902204485,1
10,30,Female,0.3701587002554444,1
14,59,Female,0.9666548190436696,1
16,22,Male,0.8530094554673601,1
17,41,Female,0.2944488920695857,1
20,63,Male,0.31692200515627766,1
21,49,Male,0.1694927466860925,1
27,41,Female,0.6150072266991697,1
28,63,Female,0.9900538501042633,1
29,44,Female,0.14008401523652403,1
30,68,Male,0.5183296523637367,1
34,35,Male,0.7024840839871093,1
35,34,Male,0.35949115121975517,1
38,22,Male,0.8101133946791808,1
39,56,Female,0.8670723185801037,1
42,28,Female,0.5015162946871996,1
46,44,Male,0.795792669436101,1
47,33,Male,0.8900053418175663,1
48,69,Female,0.3379951568515358,1
49,28,Male,0.375582952639944,1
50,45,Male,0.093981939840869,1
51,21,Male,0.578280140996174,1
52,39,Female,0.035942273796742086,1
60,33,Male,0.3601906414112629,1
61,36,Female,0.12706051265188478,1
64,59,Male,0.21582102749684318,1
67,25,Female,0.0516817211686077,1
69,23,Male,0.5406351216101065,1
71,37,Female,0.7260913337226615,1
72,45,Female,0.9758520794625346,1
73,63,Male,0.5163003483011953,1
75,29,Male,0.7951861947687037,1
80,34,Female,0.9626484146779251,1
81,27,Female,0.8359801205122058,1
84,59,Male,0.17329432007084578,1
86,35,Female,0.25024289816459533,1
89,66,Female,0.6601973767177313,1
91,45,Male,0.9548652806631941,1
95,48,Male,0.4196000624277899,1
100,26,Female,0.11607264050691624,1
101,28,Male,0.04600264202175275,1
103,20,Female,0.8554605840110072,1
107,30,Male,0.49161587511683236,1
108,36,Female,0.4734717707805657,1
109,27,Female,0.17320186991001518,1
110,54,Male,0.43385164923797304,1
111,54,Female,0.39850473439737344,1
112,52,Male,0.6158500980522165,1
113,24,Female,0.6350936508676438,1
114,61,Female,0.04530400977204452,1
115,58,Female,0.3746126146264712,1
117,47,Male,0.5031362585800877,1
118,26,Female,0.8564898411883223,1
119,28,Male,0.658693631618945,1
120,27,Male,0.1629344270814297,1
121,31,Male,0.07056874740042984,1
122,53,Male,0.6424192782063156,1
123,52,Male,0.026511310541621813,1
124,67,Male,0.5857755812734633,1
125,42,Female,0.9402302414249576,1
126,43,Female,0.575474177875879,1
127,56,Male,0.3881699262065219,1
130,59,Female,0.5456167893159349,1
131,41,Female,0.9414648087765252,1
133,54,Female,0.9611905638239142,1
139,22,Female,0.0944429607559284,1
141,24,Female,0.07118864846022899,1
142,45,Female,0.3189756302937613,1
145,46,Female,0.8144684825889358,1
148,34,Male,0.6967371653641506,1
149,45,Male,0.628942846779884,1
151,32,Female,0.7350710438038858,1
155,51,Female,0.7506147516408583,1
156,23,Male,0.806834739267264,1
157,49,Female,0.9905051420006733,1
158,56,Male,0.4126176769114265,1
159,42,Male,0.37201808579278317,1
164,48,Female,0.42899402737501835,1
166,32,Female,0.7545428740846823,1
168,26,Female,0.9025529066795667,1
169,41,Female,0.5052523724478571,1
174,25,Female,0.01083765148029836,1
177,63,Female,0.31931363759041487,1
183,44,Female,0.29321077169806453,1
189,60,Female,0.09120610304869037,1
191,58,Male,0.057558760016644284,1
192,25,Male,0.5495288823237355,1
197,52,Female,0.14299168205283586,1
70,48,Male,0.6374299014982066,0
163,62,Male,0.8584127518430118,0
105,27,Female,0.4741738290873252,0
43,58,Female,0.7982951789667752,0
83,42,Female,0.4089529444142699,0
181,30,Male,0.6318372121697993,0
43,58,Female,0.7982951789667752,0
190,22,Female,0.49442030470258147,0
83,42,Female,0.4089529444142699,0
129,63,Female,0.45825289049151663,0
180,49,Female,0.5734378881232861,0
24,40,Male,0.696029796674973,0
178,63,Male,0.9500619670508049,0
99,44,Female,0.014393488629755868,0
154,68,Female,0.17743954377972282,0
162,34,Female,0.9307573256035647,0
3,34,Female,0.2807723624408558,0
190,22,Female,0.49442030470258147,0
196,56,Male,0.11706701642760586,0
195,28,Female,0.3509150125520787,0
92,44,Male,0.7378969166957685,0
143,33,Male,0.8448753109694546,0
63,69,Male,0.7699935530986108,0
195,28,Female,0.3509150125520787,0
99,44,Female,0.014393488629755868,0
18,21,Male,0.38509772860192526,0
179,39,Male,0.9506071469375561,0
77,33,Male,0.4389714207056361,0
44,37,Male,0.6499639307777652,0
1,58,Male,0.1952429877980445,0
55,26,Female,0.2865412521282844,0
65,23,Female,0.6228904758190003,0
88,37,Male,0.7145959227000623,0
194,46,Male,0.8877041827582998,0
129,63,Female,0.45825289049151663,0
181,30,Male,0.6318372121697993,0
162,34,Female,0.9307573256035647,0
105,27,Female,0.4741738290873252,0
1,58,Male,0.1952429877980445,0
96,34,Female,0.24773098950115746,0
54,66,Male,0.5426446347075766,0
194,46,Male,0.8877041827582998,0
70,48,Male,0.6374299014982066,0
55,26,Female,0.2865412521282844,0
146,28,Male,0.28185477477339993,0
134,20,Female,0.9053506419560637,0
181,30,Male,0.6318372121697993,0
44,37,Male,0.6499639307777652,0
57,27,Female,0.03050024993904943,0
128,54,Female,0.6432882184423532,0
135,54,Male,0.19579113478929644,0
25,52,Male,0.570061170089365,0
65,23,Female,0.6228904758190003,0
68,61,Female,0.531354631568148,0
184,58,Female,0.32866454536991596,0
53,47,Female,0.46559801813246016,0
40,26,Female,0.9132405525564713,0
195,28,Female,0.3509150125520787,0
57,27,Female,0.03050024993904943,0
26,31,Female,0.09717649377076854,0
74,53,Female,0.32295647294124596,0
25,52,Male,0.570061170089365,0
79,67,Male,0.02535074341545751,0
83,42,Female,0.4089529444142699,0
19,43,Male,0.8511366715168569,0
196,56,Male,0.11706701642760586,0
94,60,Male,0.6117207462343522,0
24,40,Male,0.696029796674973,0
59,54,Male,0.8226005606596583,0
190,22,Female,0.49442030470258147,0
65,23,Female,0.6228904758190003,0
132,46,Male,0.38610263780077425,0
187,46,Male,0.7915790437258485,0
162,34,Female,0.9307573256035647,0
92,44,Male,0.7378969166957685,0
188,32,Male,0.7896181427945539,0
152,51,Female,0.8034809303848486,0
45,23,Female,0.7019668772577033,0
180,49,Female,0.5734378881232861,0
196,56,Male,0.11706701642760586,0
83,42,Female,0.4089529444142699,0
70,48,Male,0.6374299014982066,0
188,32,Male,0.7896181427945539,0
40,26,Female,0.9132405525564713,0
41,40,Female,0.5113423988609378,0
55,26,Female,0.2865412521282844,0
129,63,Female,0.45825289049151663,0
99,44,Female,0.014393488629755868,0
94,60,Male,0.6117207462343522,0
144,58,Female,0.023271935735825866,0
55,26,Female,0.2865412521282844,0
25,52,Male,0.570061170089365,0
